{
  "providers": [
    {
      "type": "bitmap",
      "file": "minecraft:font/logo.png",
      "height": 170,
      "ascent": -5,
      "chars": ["\uE000"]
    },
    {
      "type": "bitmap",
      "file": "minecraft:font/logo.png",
      "height": 80,
      "ascent": 80,
      "chars": ["\uE001"]
    },
    {
      "type": "bitmap",
      "file": "minecraft:font/bottom_card.png",
      "height": 80,
      "ascent": 80,
      "chars": ["\uEF03"]
    },
    {
      "type": "bitmap",
      "file": "minecraft:font/tip1.png",
      "height": 30,
      "ascent": -30,
      "chars": ["\uEF06"]
    },
    {
      "type": "bitmap",
      "file": "minecraft:font/tip2.png",
      "height": 30,
      "ascent": -30,
      "chars": ["\uEF07"]
    },
    {
      "type": "bitmap",
      "file": "minecraft:font/tip3.png",
      "height": 30,
      "ascent": -30,
      "chars": ["\uEF08"]
    },
    {
      "type": "bitmap",
      "file": "minecraft:font/tip4.png",
      "height": 30,
      "ascent": -30,
      "chars": ["\uEF09"]
    },
    {
      "type": "bitmap",
      "file": "minecraft:font/tip5.png",
      "height": 30,
      "ascent": -30,
      "chars": ["\uEF10"]
    },
    {
      "type": "bitmap",
      "file": "minecraft:font/tip6.png",
      "height": 30,
      "ascent": -30,
      "chars": ["\uEF11"]
    },
    {
      "type": "bitmap",
      "file": "minecraft:font/tip7.png",
      "height": 30,
      "ascent": -30,
      "chars": ["\uEF12"]
    }
  ]
}
