{
	"texture_size": [128, 128],
	"textures": {
		"1": "item/tardis"
	},
	"elements": [
		{
			"from": [8, -14, -3],
			"to": [17, 19, -2],
			"rotation": {"angle": 0, "axis": "y", "origin": [8, -13, 8]},
			"faces": {
				"north": {"uv": [2.75, 8.25, 3.875, 12.375], "texture": "#1"},
				"east": {"uv": [6.5, 8.25, 6.625, 12.375], "texture": "#1"},
				"south": {"uv": [3.875, 8.25, 5, 12.375], "texture": "#1"},
				"west": {"uv": [6.625, 8.25, 6.75, 12.375], "texture": "#1"},
				"up": {"uv": [6.875, 3.5, 5.75, 3.375], "texture": "#1"},
				"down": {"uv": [6.875, 3.5, 5.75, 3.625], "texture": "#1"}
			}
		},
		{
			"from": [-1, -14, -3],
			"to": [8, 19, -2],
			"rotation": {"angle": 0, "axis": "y", "origin": [8, -13, 8]},
			"faces": {
				"north": {"uv": [5, 8.25, 6.125, 12.375], "texture": "#1"},
				"east": {"uv": [7.25, 8.25, 7.375, 12.375], "texture": "#1"},
				"south": {"uv": [5, 8.25, 3.875, 12.375], "texture": "#1"},
				"west": {"uv": [7.375, 8.25, 7.5, 12.375], "texture": "#1"},
				"up": {"uv": [6.875, 4.125, 5.75, 4], "texture": "#1"},
				"down": {"uv": [7.125, 3.125, 6, 3.25], "texture": "#1"}
			}
		},
		{
			"from": [8, -14, -3.2],
			"to": [9, 19, -3.2],
			"rotation": {"angle": 0, "axis": "y", "origin": [9, -13, 7.8]},
			"faces": {
				"north": {"uv": [2.5, 10.25, 2.625, 14.375], "texture": "#1"},
				"east": {"uv": [0, 0, 0, 4.125], "texture": "#1"},
				"west": {"uv": [0, 0, 0, 4.125], "texture": "#1"},
				"up": {"uv": [0, 0, 0.125, 0], "texture": "#1"},
				"down": {"uv": [0, 0, 0.125, 0], "texture": "#1"}
			}
		},
		{
			"from": [7, -14, -3.2],
			"to": [8, 19, -3.2],
			"rotation": {"angle": 0, "axis": "y", "origin": [8, -13, 7.8]},
			"faces": {
				"north": {"uv": [2.625, 10.25, 2.75, 14.375], "texture": "#1"},
				"east": {"uv": [0, 0, 0, 4.125], "texture": "#1"},
				"west": {"uv": [0, 0, 0, 4.125], "texture": "#1"},
				"up": {"uv": [0, 0, 0.125, 0], "texture": "#1"},
				"down": {"uv": [0, 0, 0.125, 0], "texture": "#1"}
			}
		},
		{
			"from": [8, -14, 19.2],
			"to": [9, 19, 19.2],
			"rotation": {"angle": 0, "axis": "y", "origin": [9, -13, 8.2]},
			"faces": {
				"east": {"uv": [0, 0, 0, 4.125], "texture": "#1"},
				"south": {"uv": [2.625, 10.25, 2.5, 14.375], "texture": "#1"},
				"west": {"uv": [0, 0, 0, 4.125], "texture": "#1"},
				"up": {"uv": [0, 0, 0.125, 0], "texture": "#1"},
				"down": {"uv": [0, 0, 0.125, 0], "texture": "#1"}
			}
		},
		{
			"from": [7, -14, 19.2],
			"to": [8, 19, 19.2],
			"rotation": {"angle": 0, "axis": "y", "origin": [8, -13, 8.2]},
			"faces": {
				"east": {"uv": [0, 0, 0, 4.125], "texture": "#1"},
				"south": {"uv": [2.75, 10.25, 2.625, 14.375], "texture": "#1"},
				"west": {"uv": [0, 0, 0, 4.125], "texture": "#1"},
				"up": {"uv": [0, 0, 0.125, 0], "texture": "#1"},
				"down": {"uv": [0, 0, 0.125, 0], "texture": "#1"}
			}
		},
		{
			"from": [19.2, -14, 7],
			"to": [19.2, 19, 8],
			"rotation": {"angle": 0, "axis": "y", "origin": [8, 2.5, 8]},
			"faces": {
				"north": {"uv": [0, 0, 0, 4.125], "texture": "#1"},
				"east": {"uv": [2.625, 10.25, 2.5, 14.375], "texture": "#1"},
				"south": {"uv": [0, 0, 0, 4.125], "texture": "#1"},
				"up": {"uv": [0, 0, 0.125, 0], "texture": "#1"},
				"down": {"uv": [0, 0, 0.125, 0], "texture": "#1"}
			}
		},
		{
			"from": [19.2, -14, 8],
			"to": [19.2, 19, 9],
			"rotation": {"angle": 0, "axis": "y", "origin": [8, 2.5, 8]},
			"faces": {
				"north": {"uv": [0, 0, 0, 4.125], "texture": "#1"},
				"east": {"uv": [2.75, 10.25, 2.625, 14.375], "texture": "#1"},
				"south": {"uv": [0, 0, 0, 4.125], "texture": "#1"},
				"up": {"uv": [0, 0, 0.125, 0], "texture": "#1"},
				"down": {"uv": [0, 0, 0.125, 0], "texture": "#1"}
			}
		},
		{
			"from": [-3.2, -14, 8],
			"to": [-3.2, 19, 9],
			"rotation": {"angle": 0, "axis": "y", "origin": [8, 2.5, 8]},
			"faces": {
				"north": {"uv": [0, 0, 0, 4.125], "texture": "#1"},
				"south": {"uv": [0, 0, 0, 4.125], "texture": "#1"},
				"west": {"uv": [2.625, 10.25, 2.75, 14.375], "texture": "#1"},
				"up": {"uv": [0, 0, 0.125, 0], "texture": "#1"},
				"down": {"uv": [0, 0, 0.125, 0], "texture": "#1"}
			}
		},
		{
			"from": [-3.2, -14, 7],
			"to": [-3.2, 19, 8],
			"rotation": {"angle": 0, "axis": "y", "origin": [8, 2.5, 8]},
			"faces": {
				"north": {"uv": [0, 0, 0, 4.125], "texture": "#1"},
				"south": {"uv": [0, 0, 0, 4.125], "texture": "#1"},
				"west": {"uv": [2.5, 10.25, 2.625, 14.375], "texture": "#1"},
				"up": {"uv": [0, 0, 0.125, 0], "texture": "#1"},
				"down": {"uv": [0, 0, 0.125, 0], "texture": "#1"}
			}
		},
		{
			"from": [-2, 19.8, -5],
			"to": [18, 24.8, -3],
			"rotation": {"angle": 0, "axis": "y", "origin": [8, -5.7, 6]},
			"faces": {
				"north": {"uv": [8.5, 0, 11, 0.625], "texture": "#1"},
				"east": {"uv": [5.75, 2.75, 6, 3.375], "texture": "#1"},
				"west": {"uv": [5.75, 2.75, 6, 3.375], "texture": "#1"},
				"up": {"uv": [2.5, 10.5, 0, 10.25], "texture": "#1"},
				"down": {"uv": [2.5, 10.25, 0, 10.5], "texture": "#1"}
			}
		},
		{
			"from": [-1, 19, -3.5],
			"to": [17, 21, -2.5],
			"rotation": {"angle": 0, "axis": "y", "origin": [8, -14, 7.5]},
			"faces": {
				"north": {"uv": [10.25, 5.625, 12.5, 5.875], "texture": "#1"},
				"east": {"uv": [6.375, 3.625, 6.5, 3.875], "texture": "#1"},
				"south": {"uv": [10.25, 5.875, 12.5, 6.125], "texture": "#1"},
				"west": {"uv": [3, 6.5, 3.125, 6.75], "texture": "#1"},
				"up": {"uv": [12.625, 7.375, 10.375, 7.25], "texture": "#1"},
				"down": {"uv": [12.625, 7.375, 10.375, 7.5], "texture": "#1"}
			}
		},
		{
			"from": [-1, 19, 18.5],
			"to": [17, 21, 19.5],
			"rotation": {"angle": 0, "axis": "y", "origin": [8, -14, 8.5]},
			"faces": {
				"north": {"uv": [10.25, 6.125, 12.5, 6.375], "texture": "#1"},
				"east": {"uv": [6.5, 3.625, 6.625, 3.875], "texture": "#1"},
				"south": {"uv": [10.25, 5.625, 12.5, 5.875], "texture": "#1"},
				"west": {"uv": [6.625, 2.75, 6.75, 3], "texture": "#1"},
				"up": {"uv": [10.125, 10.5, 7.875, 10.375], "texture": "#1"},
				"down": {"uv": [12.625, 9.75, 10.375, 9.875], "texture": "#1"}
			}
		},
		{
			"from": [-2, 19.8, 19],
			"to": [18, 24.8, 21],
			"rotation": {"angle": 0, "axis": "y", "origin": [8, -5.7, 10]},
			"faces": {
				"east": {"uv": [5.75, 2.75, 6, 3.375], "texture": "#1"},
				"south": {"uv": [8.5, 0, 11, 0.625], "texture": "#1"},
				"west": {"uv": [6, 2.75, 5.75, 3.375], "texture": "#1"},
				"up": {"uv": [0, 10.5, 2.5, 10.25], "texture": "#1"},
				"down": {"uv": [2.5, 10.5, 0, 10.25], "texture": "#1"}
			}
		},
		{
			"from": [18.5, 19, -1],
			"to": [19.5, 21, 17],
			"rotation": {"angle": 0, "axis": "y", "origin": [7, 21.15, 8]},
			"faces": {
				"north": {"uv": [3, 6.75, 3.125, 7], "texture": "#1"},
				"east": {"uv": [10.25, 5.625, 12.5, 5.875], "texture": "#1"},
				"south": {"uv": [3.125, 6.75, 3.25, 7], "texture": "#1"},
				"west": {"uv": [10.25, 6.625, 12.5, 6.875], "texture": "#1"},
				"up": {"uv": [0.125, 12.75, 0, 10.5], "texture": "#1"},
				"down": {"uv": [0.25, 10.5, 0.125, 12.75], "texture": "#1"}
			}
		},
		{
			"from": [19, 19.8, -2],
			"to": [21, 24.8, 18],
			"rotation": {"angle": 0, "axis": "y", "origin": [7, 21.15, 9]},
			"faces": {
				"north": {"uv": [5.75, 2.75, 6, 3.375], "texture": "#1"},
				"east": {"uv": [8.5, 0, 11, 0.625], "texture": "#1"},
				"south": {"uv": [6, 2.75, 5.75, 3.375], "texture": "#1"},
				"west": {"uv": [0, 9.25, 2.5, 9.875], "texture": "#1"},
				"up": {"uv": [0, 10.5, 2.5, 10.25], "rotation": 90, "texture": "#1"},
				"down": {"uv": [2.5, 10.5, 0, 10.25], "rotation": 90, "texture": "#1"}
			}
		},
		{
			"from": [-3.5, 19, -1],
			"to": [-2.5, 21, 17],
			"rotation": {"angle": 0, "axis": "y", "origin": [9, 21.15, 9]},
			"faces": {
				"north": {"uv": [6.625, 3.625, 6.75, 3.875], "texture": "#1"},
				"east": {"uv": [10.25, 6.375, 12.5, 6.625], "texture": "#1"},
				"south": {"uv": [6.75, 2.75, 6.875, 3], "texture": "#1"},
				"west": {"uv": [10.25, 5.625, 12.5, 5.875], "texture": "#1"},
				"up": {"uv": [10.5, 12.125, 10.375, 9.875], "texture": "#1"},
				"down": {"uv": [10.25, 10.375, 10.125, 12.625], "texture": "#1"}
			}
		},
		{
			"from": [-5, 19.8, -2],
			"to": [-3, 24.8, 18],
			"rotation": {"angle": 0, "axis": "y", "origin": [9, 21.15, 9]},
			"faces": {
				"north": {"uv": [6, 2.75, 5.75, 3.375], "texture": "#1"},
				"east": {"uv": [8.5, 1.875, 11, 2.5], "texture": "#1"},
				"south": {"uv": [5.75, 2.75, 6, 3.375], "texture": "#1"},
				"west": {"uv": [8.5, 0, 11, 0.625], "texture": "#1"},
				"up": {"uv": [2.5, 10.25, 0, 10.5], "rotation": 90, "texture": "#1"},
				"down": {"uv": [0, 10.25, 2.5, 10.5], "rotation": 90, "texture": "#1"}
			}
		},
		{
			"from": [-3, -14, -1],
			"to": [-2, 19, 17],
			"rotation": {"angle": 0, "axis": "y", "origin": [8, -13, 8]},
			"faces": {
				"north": {"uv": [7, 8.25, 7.125, 12.375], "texture": "#1"},
				"east": {"uv": [5, 8.25, 3.875, 12.375], "texture": "#1"},
				"south": {"uv": [7.125, 8.25, 7.25, 12.375], "texture": "#1"},
				"west": {"uv": [7.75, 4.125, 5.5, 8.25], "texture": "#1"},
				"up": {"uv": [10.375, 9.5, 10.25, 7.25], "texture": "#1"},
				"down": {"uv": [10.375, 9.5, 10.25, 11.75], "texture": "#1"}
			}
		},
		{
			"from": [18, -14, -1],
			"to": [19, 19, 17],
			"rotation": {"angle": 0, "axis": "y", "origin": [8, -13, 8]},
			"faces": {
				"north": {"uv": [7.5, 8.25, 7.625, 12.375], "texture": "#1"},
				"east": {"uv": [7.75, 4.125, 5.5, 8.25], "texture": "#1"},
				"south": {"uv": [7.625, 8.25, 7.75, 12.375], "texture": "#1"},
				"west": {"uv": [5, 8.25, 3.875, 12.375], "texture": "#1"},
				"up": {"uv": [10.5, 9.75, 10.375, 7.5], "texture": "#1"},
				"down": {"uv": [7.875, 10.375, 7.75, 12.625], "texture": "#1"}
			}
		},
		{
			"from": [-1, -14, 18],
			"to": [17, 19, 19],
			"rotation": {"angle": 0, "axis": "y", "origin": [8, -13, 8]},
			"faces": {
				"north": {"uv": [3.25, 4.125, 5.5, 8.25], "texture": "#1"},
				"east": {"uv": [6.75, 8.25, 6.875, 12.375], "texture": "#1"},
				"south": {"uv": [5.5, 4.125, 7.75, 8.25], "texture": "#1"},
				"west": {"uv": [6.875, 8.25, 7, 12.375], "texture": "#1"},
				"up": {"uv": [12.5, 7.125, 10.25, 7], "texture": "#1"},
				"down": {"uv": [12.5, 7.125, 10.25, 7.25], "texture": "#1"}
			}
		},
		{
			"from": [-2, -14, 15],
			"to": [18, 19, 15],
			"rotation": {"angle": 0, "axis": "y", "origin": [8, -13, 5]},
			"faces": {
				"north": {"uv": [5, 8.25, 3.875, 12.375], "texture": "#1"},
				"east": {"uv": [0, 0, 0, 4.125], "texture": "#1"},
				"south": {"uv": [3.25, 0, 5.75, 4.125], "texture": "#1"},
				"west": {"uv": [0, 0, 0, 4.125], "texture": "#1"},
				"up": {"uv": [2.5, 0, 0, 0], "texture": "#1"},
				"down": {"uv": [0, 0, 2.5, 0], "texture": "#1"}
			}
		},
		{
			"from": [-5, -16, -5],
			"to": [21, -14, 21],
			"rotation": {"angle": 0, "axis": "y", "origin": [8, -18, 9]},
			"faces": {
				"north": {"uv": [8.5, 2.5, 11.75, 2.75], "texture": "#1"},
				"east": {"uv": [8.5, 2.5, 11.75, 2.75], "texture": "#1"},
				"south": {"uv": [10.25, 5.375, 13.5, 5.625], "texture": "#1"},
				"west": {"uv": [8.5, 2.5, 11.75, 2.75], "texture": "#1"},
				"up": {"uv": [3.25, 3.25, 0, 0], "texture": "#1"},
				"down": {"uv": [3.25, 3.25, 0, 6.5], "texture": "#1"}
			}
		},
		{
			"from": [-3, 19, -2],
			"to": [19, 19, 19],
			"rotation": {"angle": 0, "axis": "y", "origin": [8, 19, 9]},
			"faces": {
				"north": {"uv": [0, 0, 2.75, 0], "texture": "#1"},
				"east": {"uv": [0, 0, 2.75, 0], "texture": "#1"},
				"south": {"uv": [0, 0, 2.75, 0], "texture": "#1"},
				"west": {"uv": [0, 0, 2.75, 0], "texture": "#1"},
				"up": {"uv": [10.5, 5.375, 7.75, 2.75], "texture": "#1"},
				"down": {"uv": [3.875, 8.25, 5, 12.375], "texture": "#1"}
			}
		},
		{
			"from": [-3, 24.2, -3],
			"to": [19, 27.2, 19],
			"rotation": {"angle": 0, "axis": "y", "origin": [8, 37.2, 8]},
			"faces": {
				"north": {"uv": [0, 9.875, 2.75, 10.25], "texture": "#1"},
				"east": {"uv": [0, 9.875, 2.75, 10.25], "texture": "#1"},
				"south": {"uv": [0, 9.875, 2.75, 10.25], "texture": "#1"},
				"west": {"uv": [0, 9.875, 2.75, 10.25], "texture": "#1"},
				"up": {"uv": [8.5, 2.75, 5.75, 0], "texture": "#1"},
				"down": {"uv": [2.75, 6.5, 0, 9.25], "texture": "#1"}
			}
		},
		{
			"from": [-2, 27.2, -2],
			"to": [18, 28.2, 18],
			"rotation": {"angle": 0, "axis": "y", "origin": [8, 40.7, 8]},
			"faces": {
				"north": {"uv": [10.25, 6.875, 12.75, 7], "texture": "#1"},
				"east": {"uv": [10.25, 6.875, 12.75, 7], "texture": "#1"},
				"south": {"uv": [10.25, 6.875, 12.75, 7], "texture": "#1"},
				"west": {"uv": [10.25, 6.875, 12.75, 7], "texture": "#1"},
				"up": {"uv": [10.25, 7.875, 7.75, 5.375], "texture": "#1"}
			}
		},
		{
			"from": [6.9, 27.8, 6.9],
			"to": [9.1, 32, 9.1],
			"rotation": {"angle": 0, "axis": "y", "origin": [8, 45.4, 8]},
			"faces": {
				"north": {"uv": [2.75, 6.5, 3, 7], "texture": "#1"},
				"east": {"uv": [2.75, 6.5, 3, 7], "texture": "#1"},
				"south": {"uv": [3, 6.5, 2.75, 7], "texture": "#1"},
				"west": {"uv": [2.75, 6.5, 3, 7], "texture": "#1"},
				"up": {"uv": [6.375, 3.875, 6.125, 3.625], "texture": "#1"},
				"down": {"uv": [6.625, 2.75, 6.375, 3], "texture": "#1"}
			}
		},
		{
			"from": [6.35426, 29, 6.85285],
			"to": [7.35426, 31, 6.85285],
			"rotation": {"angle": -45, "axis": "y", "origin": [6.85426, 49, 6.85285]},
			"faces": {
				"north": {"uv": [3.125, 6.5, 3.25, 6.75], "texture": "#1"},
				"east": {"uv": [0, 0, 0, 0.25], "texture": "#1"},
				"south": {"uv": [3.125, 6.5, 3.25, 6.75], "texture": "#1"},
				"west": {"uv": [0, 0, 0, 0.25], "texture": "#1"},
				"up": {"uv": [0.125, 0, 0, 0], "texture": "#1"},
				"down": {"uv": [0, 0, 0.125, 0], "texture": "#1"}
			}
		},
		{
			"from": [8.64645, 29, 6.85355],
			"to": [9.64645, 31, 6.85355],
			"rotation": {"angle": 45, "axis": "y", "origin": [9.14645, 49, 6.85355]},
			"faces": {
				"north": {"uv": [3.125, 6.5, 3.25, 6.75], "texture": "#1"},
				"east": {"uv": [0, 0, 0, 0.25], "texture": "#1"},
				"south": {"uv": [3.125, 6.5, 3.25, 6.75], "texture": "#1"},
				"west": {"uv": [0, 0, 0, 0.25], "texture": "#1"},
				"up": {"uv": [0, 0, 0.125, 0], "texture": "#1"},
				"down": {"uv": [0, 0, 0.125, 0], "texture": "#1"}
			}
		},
		{
			"from": [8.64715, 29, 9.14574],
			"to": [9.64715, 31, 9.14574],
			"rotation": {"angle": -45, "axis": "y", "origin": [9.14715, 49, 9.14574]},
			"faces": {
				"north": {"uv": [3.125, 6.5, 3.25, 6.75], "texture": "#1"},
				"east": {"uv": [0, 0, 0, 0.25], "texture": "#1"},
				"south": {"uv": [3.125, 6.5, 3.25, 6.75], "texture": "#1"},
				"west": {"uv": [0, 0, 0, 0.25], "texture": "#1"},
				"up": {"uv": [0, 0, 0.125, 0], "texture": "#1"},
				"down": {"uv": [0, 0, 0.125, 0], "texture": "#1"}
			}
		},
		{
			"from": [6.35355, 29, 9.14645],
			"to": [7.35355, 31, 9.14645],
			"rotation": {"angle": 45, "axis": "y", "origin": [6.85355, 49, 9.14645]},
			"faces": {
				"north": {"uv": [3.125, 6.5, 3.25, 6.75], "texture": "#1"},
				"east": {"uv": [0, 0, 0, 0.25], "texture": "#1"},
				"south": {"uv": [3.125, 6.5, 3.25, 6.75], "texture": "#1"},
				"west": {"uv": [0, 0, 0, 0.25], "texture": "#1"},
				"up": {"uv": [0, 0, 0.125, 0], "texture": "#1"},
				"down": {"uv": [0, 0, 0.125, 0], "texture": "#1"}
			}
		},
		{
			"from": [-4, -15.5, -4],
			"to": [-1, 25.5, -1],
			"rotation": {"angle": 0, "axis": "y", "origin": [6, -5.5, 7]},
			"faces": {
				"north": {"uv": [6.125, 8.25, 6.5, 13.375], "texture": "#1"},
				"east": {"uv": [6.5, 8.25, 6.125, 13.375], "texture": "#1"},
				"south": {"uv": [6.125, 8.25, 6.5, 13.375], "texture": "#1"},
				"west": {"uv": [6.5, 8.25, 6.125, 13.375], "texture": "#1"},
				"up": {"uv": [6.125, 4, 5.75, 3.625], "texture": "#1"},
				"down": {"uv": [6.375, 2.75, 6, 3.125], "texture": "#1"}
			}
		},
		{
			"from": [17, -15.5, -4],
			"to": [20, 25.5, -1],
			"rotation": {"angle": 0, "axis": "y", "origin": [18.5, 5, -2.5]},
			"faces": {
				"north": {"uv": [6.5, 8.25, 6.125, 13.375], "texture": "#1"},
				"east": {"uv": [6.125, 8.25, 6.5, 13.375], "texture": "#1"},
				"south": {"uv": [6.5, 8.25, 6.125, 13.375], "texture": "#1"},
				"west": {"uv": [6.125, 8.25, 6.5, 13.375], "texture": "#1"},
				"up": {"uv": [5.75, 3.625, 6.125, 4], "texture": "#1"},
				"down": {"uv": [6, 2.75, 6.375, 3.125], "texture": "#1"}
			}
		},
		{
			"from": [-4, -15.5, 17],
			"to": [-1, 25.5, 20],
			"rotation": {"angle": 0, "axis": "y", "origin": [-2.5, 5, 18.5]},
			"faces": {
				"north": {"uv": [6.5, 8.25, 6.125, 13.375], "texture": "#1"},
				"east": {"uv": [6.125, 8.25, 6.5, 13.375], "texture": "#1"},
				"south": {"uv": [6.5, 8.25, 6.125, 13.375], "texture": "#1"},
				"west": {"uv": [6.125, 8.25, 6.5, 13.375], "texture": "#1"},
				"up": {"uv": [5.75, 3.625, 6.125, 4], "texture": "#1"},
				"down": {"uv": [6, 2.75, 6.375, 3.125], "texture": "#1"}
			}
		},
		{
			"from": [17, -15.5, 17],
			"to": [20, 25.5, 20],
			"rotation": {"angle": 0, "axis": "y", "origin": [10, -5.5, 9]},
			"faces": {
				"north": {"uv": [6.125, 8.25, 6.5, 13.375], "texture": "#1"},
				"east": {"uv": [6.5, 8.25, 6.125, 13.375], "texture": "#1"},
				"south": {"uv": [6.125, 8.25, 6.5, 13.375], "texture": "#1"},
				"west": {"uv": [6.5, 8.25, 6.125, 13.375], "texture": "#1"},
				"up": {"uv": [5.75, 3.625, 6.125, 4], "texture": "#1"},
				"down": {"uv": [6, 2.75, 6.375, 3.125], "texture": "#1"}
			}
		}
	],
	"display": {
		"firstperson_righthand": {
			"translation": [80, 0, 0]
		},
		"firstperson_lefthand": {
			"translation": [80, 0, 0]
		},
		"ground": {
			"translation": [0, 21, 0]
		},
		"head": {
			"translation": [0, 3.75, 0],
			"scale": [2, 2, 2]
		},
		"fixed": {
			"rotation": [-90, 0, 0],
			"translation": [0, 0, -48],
			"scale": [2, 2, 2]
		}
	}
}